weight,pkg
0000,about
0000,accuratesums
0000,adb
0000,ad
0000,adix
0000,ago
0000,akane
0000,alasgar
0000,alea
0000,algebraicdatas
0000,allegro5
0000,allographer
0000,alsa
0000,alut
0000,amka
0000,amysql
0000,anano
0000,android
0000,animatecss
0000,anime
0000,anonimongo
0000,ansitohtml
0000,ansiwave
0000,antlr4nim
0000,anttweakbar
0000,anybar
0000,anycase_fork
0000,anycase
0000,aossoa
0000,aporia
0000,appdirs
0000,applicates
0000,aqcalc
0000,arbitrary
0000,arduino
0000,argon2_bind
0000,argon2_highlevel
0000,arksys
0000,array2d
0000,arrayfirenim
0000,arraymancer_vision
0000,artemis
0000,arturo
0000,asciigraph
0000,asciitables
0000,asciitext
0000,ass
0000,assigns
0000,assimp
0000,assume
0000,astar
0000,astdot
0000,astronimy
0000,asyncanything
0000,asyncdocker
0000,async_http_request
0000,asyncmysql
0000,asyncpg
0000,asyncpythonfile
0000,asyncredis
0000,at
0000,atoz
0000,audiodb
0000,audius
0000,aur
0000,autoderef
0000,autome
0000,autonim
0000,autotyper
0000,avbin_nim
0000,awesome_rmdir
0000,awslambda
0000,awss3
0000,aws_sdk
0000,azure_translate
0000,babel
0000,backoff
0000,badgemaker
0000,badresults
0000,baker
0000,ballena_itcher
0000,ballpark
0000,balls
0000,bamboo_websocket
0000,barbarus
0000,barcode
0000,base45
0000,base58
0000,base62
0000,base64_decoder
0000,basedon
0000,basic3d
0000,batchsend
0000,batteries
0000,battery_widget
0000,bcra
0000,beanstalkd
0000,bearlibterminal
0000,bearssl_pkey_decoder
0000,bencode
0000,bgfxdotnim
0000,bgfxextrasdotnim
0000,bgfx
0000,biblioteca_guarrilla
0000,binance
0000,binaryparse
0000,bingod
0000,bingo
0000,binio
0000,bio
0000,bionim
0000,bioseq
0000,biscuits
0000,bisect
0000,bitarray
0000,bitset
0000,bitvec
0000,bitvector
0000,blackvas_cli
0000,blackvas
0000,blake2
0000,bloom
0000,blosc
0000,blurhash
0000,bluu
0000,boneio
0000,boxy
0000,bped
0000,bpg
0000,brainlyextractor
0000,breeze
0000,bs
0000,buffer
0000,bu
0000,bytes2human
0000,bytesequtils
0000,c4
0000,cache
0000,calendar
0000,cal
0000,calibre
0000,camelize
0000,canonicaljson
0000,capnp
0000,capstone
0000,cassandra
0000,cassette
0000,catnip
0000,cbor
0000,cdecl
0000,cdt
0000,chacha20
0000,chain
0000,changer
0000,chebyshev
0000,checkpack
0000,chipmunk7_demos
0000,chipmunk7
0000,chipmunk
0000,chonker
0000,choosenimgui
0000,choosenim
0000,chronopipe
0000,circleci_client
0000,cirru_edn
0000,cirruedn
0000,cirruparser
0000,cittadino
0000,clang
0000,clibpp
0000,cli
0000,clipper2
0000,cliptomania
0000,clr
0000,clurp
0000,cmake
0000,cmark
0000,cmd
0000,cmixer_sdl2
0000,coalesce
0000,cobs
0000,cocktaildb
0000,coinbase_pro
0000,colorcol
0000,commandant
0000,complex
0000,composition
0000,config
0000,configparser
0000,conio
0000,constants
0000,constructor
0000,consul
0000,contracts
0000,controlstructures
0000,conventional_semver
0000,couchdb
0000,coverartarchive
0000,cowstrings
0000,cppclass
0000,cps
0000,crap
0000,criterion
0000,crosscompile
0000,crowncalc
0000,crowngui
0000,csfml
0000,csv2dbsrc
0000,csv
0000,csvql
0000,csvtable
0000,csvtools
0000,ctrulib
0000,cucumber
0000,cucumber_nim
0000,currying
0000,cutelog
0000,d3
0000,daemon
0000,daemonim
0000,daemonize
0000,dali
0000,dataurl
0000,datetime_parse
0000,dav1d
0000,db_clickhouse
0000,db
0000,db_nimternalsql
0000,db_presto
0000,dbschema
0000,db_wrapper
0000,decimal128
0000,decisiontree
0000,deepspeech
0000,defines
0000,delight
0000,denim_ui_cairo
0000,denim_ui_canvas
0000,deser_json
0000,des
0000,desim
0000,devil
0000,digitalocean
0000,dimscmd
0000,directnimrod
0000,discord
0000,discord_rpc
0000,distances
0000,distorm3
0000,dnd
0000,dnsprotec
0000,dnsstamps
0000,docx
0000,dogapi_cli
0000,downit
0000,dpdk
0000,drand48
0000,drawille
0000,drawim
0000,drchaos
0000,drng
0000,dropbox_filename_sanitizer
0000,dslutils
0000,dtoa
0000,dual
0000,duckduckgo
0000,ducominer
0000,dumpincludes
0000,dye
0000,eachdo
0000,easings
0000,easy_bcrypt
0000,easymail
0000,easy_sqlite3
0000,echon
0000,ed25519
0000,edens
0000,editlyconf
0000,edlib
0000,egl
0000,eloverblik
0000,emerald
0000,emitter
0000,emmy
0000,encode
0000,enet
0000,ensem
0000,entgrep
0000,entoody
0000,envconfig
0000,epub
0000,eris_utils
0000,espeak
0000,etcd_client
0000,eternity
0000,etf
0000,ethash
0000,eth_bloom
0000,ethers
0000,eth_keyfile
0000,eth_p2p
0000,euclidean
0000,euphony
0000,euwren
0000,eventemitter
0000,evmc
0000,excelin
0000,exodus
0000,expander
0000,expat
0000,exporttosqlite3
0000,exprgrad
0000,extensions
0000,extmath
0000,fae
0000,faker
0000,falas
0000,fastcgi
0000,fastkiss
0000,faststack
0000,fasttext
0000,fastx_reader
0000,feednim
0000,feta
0000,ffbookmarks
0000,ffmpeg
0000,ffpass
0000,fftw3
0000,fidgetty
0000,fileinput
0000,filesize
0000,filetype
0000,finalseg
0000,finals
0000,findtests
0000,findxml
0000,fision
0000,fixmath
0000,flatdb
0000,fletcher
0000,flickr_image_bot
0000,flower
0000,fltk
0000,fmod
0000,fnmatch
0000,fnv
0000,foliant
0000,fontconfig
0000,forestdb
0000,formulas
0000,fpn
0000,frag
0000,freegeoip
0000,freeimage
0000,frida
0000,fsm
0000,fsmonitor
0000,ftd2xx
0000,fugitive
0000,funchook
0000,fuse
0000,fushin
0000,fuzzy
0000,fwrite
0000,gamelib
0000,gamelight
0000,gameoflife
0000,gapbuffer
0000,gapi
0000,gatabase
0000,gcplat
0000,gdbmc
0000,gemini
0000,geminim
0000,gene
0000,gen
0000,genieos
0000,genny
0000,genode
0000,genoiser
0000,gentabs
0000,geocoding
0000,geohash
0000,geomancer
0000,geometryutils
0000,geonames
0000,georefar
0000,gerbil
0000,getch
0000,getmac
0000,getr
0000,gh_nimrod_doc_pages
0000,gifwriter
0000,gigi
0000,gimei
0000,gimg
0000,gitapi
0000,github_api
0000,github-dadadani-nim-random
0000,github-disruptek-balls
0000,github-disruptek-testes
0000,github-enthus1ast-nimisprivateip
0000,github-gabbhack-anycase_fork
0000,github-hamidb80-nimcoverage
0000,github
0000,github-nim-works-cps
0000,github-planety-cookiejar
0000,github-pmunch-libclang
0000,github_release
0000,github-status-im-news
0000,github-status-im-nim-taskpools
0000,github-tandy-1000-uniony
0000,gittyup
0000,glbits
0000,gles
0000,glew
0000,globby
0000,glossolalia
0000,gm_api
0000,gnu
0000,gnuplotlib
0000,gnutls
0000,golden
0000,golib
0000,googlesearch
0000,govee
0000,gplay
0000,gpx
0000,grab
0000,grafanim
0000,gralg
0000,graphics
0000,graphql
0000,gravatar
0000,grim
0000,grok
0000,grp
0000,gsl
0000,gtkgenui
0000,guildenstern
0000,gungnir
0000,gyaric
0000,hackpad
0000,halonium
0000,hangover
0000,haraka
0000,hashids
0000,hastyscribe
0000,hastysite
0000,hayaa
0000,hcparse
0000,hexclock
0000,hex
0000,highlight
0000,hldiff
0000,hlibgit2
0000,hlibssh2
0000,holst
0000,horde3d
0000,host
0000,hostname
0000,hotdoc
0000,hottext
0000,hottie
0000,hpack
0000,hpx
0000,hsluv
0000,html2karax
0000,htmlanticopy
0000,htmlgenerator
0000,htmltovdom
0000,httpform
0000,httpstat
0000,huenim
0000,huffman
0000,hyperscript
0000,hypixel
0000,i18n
0000,i3ipc
0000,icon
0000,ikeahomesmart
0000,illwill_unsafe
0000,imap
0000,imgcat
0000,imghdr
0000,imnotify
0000,importc_helpers
0000,impulse_engine
0000,imstyle
0000,influx
0000,intel_hex
0000,interfaced
0000,interface_implements
0000,intervalsets
0000,inumon
0000,io-isense
0000,ipfshttpclient
0000,ipsumgenera
0000,iputils
0000,irc
0000,iridium
0000,isa
0000,isense
0000,isocodes
0000,isprivateip
0000,itchio
0000,iterrr
0000,itn
0000,iup
0000,jack
0000,jade-nim
0000,jalali_nim
0000,jdec
0000,jeknil
0000,jester2swagger
0000,jestercookiemsgs
0000,jestergeoip
0000,jesterjson
0000,jestermongopool
0000,jhash
0000,jitter
0000,joyent_http_parser
0000,jq
0000,jser
0000,json2xml
0000,json_builder
0000,jsonob
0000,jsutils
0000,jswebsockets
0000,jupyternim
0000,kaitai_struct_nim_runtime
0000,kdb
0000,kdialog
0000,keccak_tiny
0000,keyring
0000,keystone
0000,kinto
0000,kissfft
0000,kiwifydownload
0000,kmer
0000,kmod
0000,kombinator
0000,kslog
0000,kview
0000,kwin
0000,ladder
0000,laser
0000,lastfm
0000,latexdsl
0000,latinize
0000,layonara_nwn
0000,lazy
0000,lazyseq
0000,lda
0000,leopard
0000,leveldb
0000,libclang
0000,libdeflate_gzip
0000,libevdev
0000,libffi
0000,libfswatch
0000,libfuzzer
0000,libgcrypt
0000,libgd
0000,libgit2
0000,libgraph
0000,libharu
0000,libipset
0000,libjwt
0000,libkeepass
0000,libmpdclient
0000,libnetfilter_queue
0000,libnx
0000,libovr
0000,libp2pdht
0000,libpe
0000,libplist
0000,libsaedea
0000,libserialport
0000,libsha
0000,libssh
0000,libsvm
0000,libsvm_legacy
0000,libtcod
0000,libtcod_nim
0000,libu2f
0000,libusb
0000,libuv
0000,libvlc
0000,lilt
0000,limdb
0000,limiter
0000,linalg
0000,linear_models
0000,linenoise
0000,linuxfb
0000,list_comprehension
0000,listenbrainz
0000,listsv
0000,litestore
0000,llvm
0000,loadenv
0000,locale
0000,localize
0000,loco
0000,logit
0000,loki
0000,lolcat
0000,loony
0000,looper
0000,lq
0000,lrparser
0000,lrucache
0000,lua
0000,ludens
0000,luhncheck
0000,luhny
0000,luna
0000,lz77
0000,madam
0000,magic
0000,mailcow
0000,mangle
0000,mapbits
0000,marggers
0000,markx
0000,mathexpr
0000,matplotnim
0000,matrix
0000,matsuri
0000,maybe
0000,maze
0000,mccache
0000,mcd
0000,mcmurry
0000,mctranslog
0000,mcu_utils
0000,mdevolve
0000,mdlldk
0000,mealdb
0000,memviews
0000,mentat
0000,meow
0000,mersal
0000,meta
0000,metar
0000,metatag
0000,metatools
0000,metric
0000,microasynchttpserver
0000,microparsec
0000,migrate
0000,mike
0000,millie
0000,minecraft_server_status
0000,minhash
0000,min
0000,miniblink
0000,minim
0000,miniz
0000,minmaxheap
0000,miter
0000,mk
0000,mmgeoip
0000,mnemonic
0000,mn
0000,moduleinit
0000,moe
0000,mofuhttputils
0000,mofuparser
0000,mofuw
0000,monerorpc
0000,mongo
0000,mongrel2
0000,monit
0000,morelogging
0000,morepretty
0000,mort
0000,moss_nim
0000,mouse
0000,mpdclient
0000,mpeg
0000,mpfit
0000,mpwc
0000,mqtt
0000,msgpack
0000,mt
0000,mui
0000,murmur3
0000,murmur
0000,mycouch
0000,myo
0000,nage
0000,names
0000,nancy
0000,nanim
0000,nanoid
0000,nanomsg
0000,nasher
0000,native_dialogs
0000,natu
0000,nauthy
0000,naw
0000,naylib
0000,nbaser
0000,nbcnews
0000,ndbex
0000,ndf
0000,ndns
0000,neel
0000,negamax
0000,nephyr
0000,nerve
0000,nery
0000,nesper
0000,nestegg
0000,nester
0000,netbuff
0000,netpbm
0000,netpipe
0000,nettest
0000,neverwinter_utils
0000,newfix
0000,news
0000,nexus
0000,ngspice
0000,ngtcp2
0000,ngxcmod
0000,nhsl
0000,nico
0000,nicoru
0000,niledb
0000,nim0
0000,nim7z
0000,nimactors
0000,nimagehide
0000,nimage
0000,nimagg
0000,nimalpm
0000,nimarrow
0000,nimassimp
0000,nimaterial
0000,nimates
0000,nimatic
0000,nimbass
0000,nimbench
0000,nimbigwig
0000,nimbioseq
0000,nimblegui
0000,nimbleimgui
0000,nimbler
0000,nimbluez
0000,nimbomb
0000,nimborg
0000,nimbpf
0000,nimbug
0000,nimbus
0000,nimcat
0000,nimcb
0000,nimcdl
0000,nimcef
0000,nim_cexc
0000,nimcfitsio
0000,nim_chacha20_poly1305
0000,nimchromepath
0000,nim_cjson
0000,nimclutter
0000,nimcmaes
0000,nimcommandparser
0000,nimcoon
0000,nimcr
0000,nimcrypt
0000,nim_curry
0000,nimcx
0000,nimdbx
0000,nimdenter
0000,nimdeps
0000,nimdotenv
0000,nimem
0000,nimeverything
0000,nimfasttext
0000,nimfcuk
0000,nimff
0000,nimfinlib
0000,nimflux
0000,nimfm
0000,nimfmt
0000,nimfunge98
0000,nimfuzz
0000,nimfuzzy
0000,nimga
0000,nimgame
0000,nim_glfw
0000,nimgram
0000,nimgraphql
0000,nimgui
0000,nimha
0000,nimhdf5
0000,nim
0000,nimhq
0000,nimhttpd
0000,nimi3status
0000,nimics
0000,niminst
0000,nimish
0000,nimislides
0000,nimja
0000,nimjl
0000,nimjson
0000,nimkalc
0000,nimkerberos
0000,nimkov
0000,nimlangserver
0000,nimler
0000,niml
0000,nimlibxlsxwriter
0000,nimline
0000,nimlist
0000,nimlsp
0000,nimlua
0000,nimlz4
0000,nimmarc
0000,nim_midi
0000,nimmikudance
0000,nim_miniz
0000,nimmm
0000,nimmonocypher
0000,nimna
0000,nimnews
0000,nimnn
0000,nimnoise
0000,nimobserver
0000,nimodpi
0000,nimoji
0000,nimongo
0000,nimosc
0000,nimothello
0000,nimp5
0000,nimpari
0000,nimpass
0000,nimpb
0000,nimpc
0000,nimpcre
0000,nimpdf
0000,nimp
0000,nimplehttpserver
0000,nimpmda
0000,nimpress
0000,nimqbittorrent
0000,nimqml
0000,nimqt
0000,nimrat
0000,nimrax
0000,nimraylib_now
0000,nimrcon
0000,nimrdkafka
0000,nimr
0000,nimroutine
0000,nimrpc
0000,nimrpc_milis
0000,nimrun
0000,nim_searches
0000,nim_seq
0000,nimshell
0000,nimsnappyc
0000,nimsnappy
0000,nimsocks
0000,nimspice
0000,nimssh2
0000,nimssl
0000,nimstopwatch
0000,nimsuite
0000,nimtactoe
0000,nim_telegram_bot
0000,nimterlingua
0000,nimtess2
0000,nimtesseract
0000,nimtest
0000,nimtetris
0000,nimtiingo
0000,nim_tiled
0000,nimtomd
0000,nimtorch
0000,nimtrs
0000,nimview
0000,nimvisa
0000,nimviz
0000,nimwin
0000,nimx
0000,nimyaml
0000,nimzbar
0000,nimzend
0000,nint128
0000,nio
0000,nish
0000,nitro
0000,niup
0000,njo
0000,nlopt
0000,nmark
0000,nmi
0000,nmiline
0000,noaa
0000,nobject
0000,node
0000,nodem
0000,nodesnim
0000,nofi
0000,noisy
0000,nominatim
0000,nordaudio
0000,nordnet
0000,norman
0000,norx
0000,notcurses
0000,notetxt
0000,notificatcher
0000,notification
0000,notifications
0000,notifishower
0000,notmuch
0000,npg
0000,nptr
0000,nregex
0000,nrpl
0000,nsh
0000,nshout
0000,nsu
0000,ntangle
0000,nuklear
0000,number_files
0000,numnim
0000,numtoword
0000,nvg
0000,nwatchdog
0000,nwsync
0000,nwt
0000,oaitools
0000,oblivion
0000,oculus
0000,odbcn
0000,odsreader
0000,ogham
0000,omnicollider
0000,omnilog
0000,omnimax
0000,once
0000,onedrive
0000,onnxruntime
0000,oolib
0000,oop_utils
0000,opencolor
0000,opencv
0000,open_elevation
0000,opensimplexnoise
0000,openssl_evp
0000,openstreetmap
0000,opentdb
0000,openurl
0000,openweathermap
0000,optionals
0000,options
0000,opusenc
0000,opus
0000,orient
0000,origin
0000,osdialog
0000,oshostname
0000,osrm
0000,osureplay
0000,osutil
0000,otplib
0000,overpass
0000,owlkettle
0000,owo
0000,owoifynim
0000,p4ztag_to_json
0000,packedargs
0000,packets
0000,pantry
0000,paramidib
0000,pari
0000,parsefixed
0000,parsegemini
0000,parseini
0000,parselicense
0000,parsepage
0000,parsesql
0000,pas2nim
0000,pastebin
0000,patgraph
0000,pathname
0000,pcap
0000,pcgbasic
0000,pdba
0000,pdcurses
0000,periapsisengine
0000,perlin
0000,persistent_enums
0000,pfring
0000,pg
0000,pg_util
0000,phoon
0000,phosphor
0000,physfs
0000,pine
0000,pinggraph
0000,pipe
0000,pipelines
0000,pixels
0000,pkginfo
0000,pl0t
0000,platformer
0000,playground
0000,playlists
0000,pledge
0000,plnim
0000,pls
0000,pluginmanager
0000,plugins
0000,plz
0000,pokereval
0000,polymers
0000,polyshards
0000,pomtimer
0000,pop3
0000,porter
0000,ppm
0000,preprod
0000,presto
0000,prettyclr
0000,prettystr
0000,prettyvec
0000,primme
0000,printdebug
0000,procs
0000,progetto
0000,prometheus
0000,prompt
0000,pronimgress
0000,protobuf_serialization
0000,protocoled
0000,proxyproto
0000,psutil
0000,psy
0000,ptest
0000,pvim
0000,pwd
0000,pwned
0000,pwnedpass
0000,py2nim
0000,pych
0000,pykot
0000,pymod
0000,pythonfile
0000,pythonize
0000,pythonmath
0000,pythonpathlib
0000,qeu
0000,qrcodegen
0000,qrcode
0000,qr
0000,qt5_qtsql
0000,quadtree
0000,quickcrypt
0000,quickjs4nim
0000,qwatcher
0000,qwertycd
0000,rabbit
0000,rain
0000,randgen
0000,random_font_color
0000,randpw
0000,rangequeries
0000,ratel
0000,raytracingalgorithm
0000,rbac
0000,rc4
0000,rconv
0000,rdgui
0000,react16
0000,reactorfuse
0000,readfq
0000,receq
0000,records
0000,rect
0000,redisclient
0000,redis
0000,redismodules
0000,redissessions
0000,redpool
0000,redux
0000,redux_nim
0000,reframe
0000,remarker_light
0000,remizstd
0000,remotery
0000,rena
0000,replim
0000,resolv
0000,rest
0000,resultsutils
0000,rethinkdb
0000,retranslator
0000,rexpaint
0000,rfc3339
0000,riff
0000,riimut
0000,ringbuffer
0000,ringdeque
0000,ris
0000,rn
0000,rnim
0000,robotparser
0000,rodcli
0000,rodster
0000,romanim
0000,romans
0000,roots
0000,rpgsheet
0000,rss
0000,rsvg
0000,rtlsdr
0000,rtree
0000,ruby
0000,runeterra_decks
0000,run_exe
0000,sampletodolist
0000,samson
0000,sass
0000,saya
0000,sayhissatsuwaza
0000,sbttl
0000,scgi
0000,schedules
0000,scinim
0000,scnim
0000,scorper
0000,sctp
0000,sdf
0000,sdnotify
0000,sections
0000,selenimum
0000,semaphores
0000,seq2d
0000,seqmath
0000,sequester
0000,sequoia
0000,serial
0000,serialport
0000,seriesdetiempoar
0000,sermon
0000,servclip
0000,servy
0000,sfml
0000,sha1ext
0000,sha3
0000,shaname
0000,shared
0000,sharedmempool
0000,shellopt
0000,shene
0000,shimsham
0000,shiori_charset_convert
0000,shioridll
0000,shiori
0000,shizuka
0000,shlex
0000,shoco
0000,shorteststring
0000,shorturl
0000,signals
0000,simdx86
0000,simhash
0000,simpleargs
0000,simpleast
0000,simpledecimal
0000,simplediff
0000,simpleflake
0000,simple_graph
0000,simple_parseopt
0000,simple_vector
0000,siphash
0000,sitmo
0000,siwin
0000,sixense
0000,skeasing
0000,ski
0000,skinterpolate
0000,sksbox
0000,skybook
0000,slacklib
0000,slap
0000,slappy
0000,slicerator
0000,sliceutils
0000,slimdown
0000,slim
0000,sling
0000,slugify
0000,smbexec
0000,smnar
0000,smoothing
0000,snail
0000,sndfile
0000,sndhdr
0000,snip
0000,socks5
0000,sodium
0000,sol
0000,sonic
0000,sophia
0000,sos
0000,soundex
0000,soundio
0000,spacenav
0000,spacenimtraders
0000,spacy
0000,sparkline
0000,sparseset
0000,spdk
0000,spdx_licenses
0000,spfun
0000,sphincs
0000,sphinx
0000,spinner
0000,spinny
0000,splitmix64
0000,spotify
0000,spry
0000,sprymicro
0000,spurdify
0000,spwd
0000,sqlbuilder
0000,sqliteral
0000,srt
0000,srv
0000,ssh2
0000,ssostrings
0000,sss
0000,ssz_serialization
0000,stage
0000,stalinsort
0000,statistical_tests
0000,statsd_client
0000,stb_truetype
0000,stdarg
0000,steam
0000,steamworks
0000,steganography
0000,stopwatch
0000,stor
0000,streamfix
0000,strenc
0000,stripe
0000,suber
0000,subfield
0000,subnet
0000,subviewer
0000,sue
0000,suffer
0000,sugerror
0000,suggest
0000,sums
0000,sumtypes
0000,sunvox
0000,supranim
0000,surfing
0000,svdpi
0000,svgo
0000,svvpi
0000,swayipc
0000,syllables
0000,symbolicnim
0000,sync
0000,syphus
0000,syscall
0000,sysinfo
0000,syslog
0000,systimes
0000,tagger
0000,taglib
0000,tam
0000,taskman
0000,taskpools
0000,taskqueue
0000,tcl
0000,tcping
0000,teafiles
0000,tecs
0000,telenim
0000,tencil
0000,termbox
0000,termnovel
0000,ternary_tree
0000,testes
0000,testify
0000,testrunner
0000,textformats
0000,texttospeech
0000,tf2plug
0000,the_nim_alliance
0000,thes
0000,threadpools
0000,threadproxy
0000,tic80
0000,tiger
0000,til
0000,timecop
0000,timelog
0000,timerpool
0000,timespec_get
0000,timsort2
0000,tim_sort
0000,tinamou
0000,tinydialogs
0000,tinyfiledialogs
0000,tinypool
0000,tissue
0000,tm_client
0000,tmplpro
0000,tmpnim
0000,tnim
0000,todoist
0000,tokarax
0000,tome
0000,torch
0000,tor
0000,torim
0000,torm
0000,toxcore
0000,translation
0000,trayx
0000,treesitter_agda
0000,treesitter_bash
0000,treesitter_c
0000,treesitter_cpp
0000,treesitter_c_sharp
0000,treesitter_css
0000,treesitter_go
0000,treesitter_haskell
0000,treesitter_html
0000,treesitter_java
0000,treesitter_javascript
0000,treesitter_ocaml
0000,treesitter_php
0000,treesitter_python
0000,treesitter_ruby
0000,treesitter_rust
0000,treesitter_scala
0000,treesitter_typescript
0000,triplets
0000,tsundoku
0000,tsv2json
0000,ttf
0000,ttmath
0000,tuples
0000,tweens
0000,twitter
0000,typelists
0000,uap
0000,ulid
0000,unalix
0000,unchained
0000,uncomment
0000,unicode_numbers
0000,unimcli
0000,union
0000,unit
0000,units
0000,unrolled
0000,unsplash
0000,ups
0000,ur
0000,uri2
0000,uriiy
0000,urlon
0000,urlshortener
0000,usagov
0000,useradd
0000,useragents
0000,userdef
0000,usha
0000,usigar
0000,uspokoysa
0000,ustring
0000,utf8tests
0000,utils
0000,uuid4
0000,uuid
0000,validateip
0000,validation
0000,validator
0000,variantkey
0000,variantsugar
0000,vaultclient
0000,vec
0000,vecio
0000,vecmath
0000,vector
0000,vectors
0000,vidhdr
0000,vkapi
0000,vla
0000,vmprotect
0000,vmvc
0000,vscds
0000,w8crc
0000,wasmrt
0000,watch_for_files
0000,wauto
0000,wave
0000,wayland
0000,wchart
0000,web3
0000,webaudio
0000,webdavclient
0000,webdriver
0000,webgl
0000,webrod
0000,webrtcvad
0000,webterminal
0000,weighted_graph
0000,whip
0000,whois
0000,wiki2text
0000,windy
0000,wings
0000,winimx
0000,winregistry
0000,winres
0000,winserial
0000,winversion
0000,witai
0000,wlroots
0000,woocommerce
0000,word2vec
0000,wox
0000,wpspin
0000,wren
0000,wstp
0000,wttrin
0000,wxnim
0000,wxpay
0000,wyhash
0000,wzeegrid
0000,xcb
0000,xcm
0000,xdo
0000,xevloop
0000,xgboost
0000,xidoc
0000,xkb
0000,xlsxio
0000,xmldom
0000,xmldomparser
0000,xmlio
0000,xom
0000,xors3d
0000,xplm
0000,xpm
0000,xxhash
0000,xxtea
0000,yahooweather
0000,ytextractor
0000,z3
0000,z3nim
0000,zfplugs
0000,zhsh
0000,zxcvbn
0000,zxcvbnim
0001,ajax
0001,alignment
0001,analytics
0001,argon2
0001,asciitype
0001,asyncthreadpool
0001,awk
0001,awssts
0001,basic2d
0001,binarylang
0001,binstreams
0001,bio_seq
0001,bipbuffer
0001,bitty
0001,blarg
0001,blscurve
0001,bluesoftcosmos
0001,brainfuck
0001,c_alikes
0001,cello
0001,chrono
0001,cirru_parser
0001,cirru_writer
0001,clapfn
0001,cli_menu
0001,closure_compiler
0001,cmixer
0001,coco
0001,colorizeecho
0001,colorsys
0001,compactdict
0001,coverage
0001,cppstl
0001,cpuwhat
0001,crc32
0001,css_html_minify
0001,dashing
0001,dbg
0001,decimal
0001,delaunay
0001,deser
0001,dialogs
0001,diffoutput
0001,dimscord
0001,dogapi
0001,duktape
0001,edn
0001,einheit
0001,eminim
0001,eris
0001,eth_common
0001,fab
0001,figures
0001,fowltek
0001,freetype
0001,fsnotify
0001,fswatch
0001,futhark
0001,ggplotnim
0001,gifenc
0001,gintro
0001,glfw
0001,gnuplot
0001,godot
0001,googleapi
0001,htmlunescape
0001,htsparse
0001,httpauth
0001,httpkit
0001,imlib2
0001,inim
0001,iterutils
0001,jscanvas
0001,jstin
0001,kashae
0001,kexpr
0001,klymene
0001,lapper
0001,lazy_rest
0001,lc
0001,libarchibi
0001,libbacktrace
0001,libnotify
0001,libp2p
0001,libssh2
0001,lockfreequeues
0001,loopfusion
0001,lscolors
0001,manu
0001,masterpassword
0001,matext
0001,mcresponse
0001,memo
0001,midnight_dynamite
0001,mime
0001,mongopool
0001,monocypher
0001,moustachu
0001,murmurhash
0001,mutableseqs
0001,mysqlparser
0001,nanovg
0001,nap
0001,ncurses
0001,neoid
0001,nest
0001,netty
0001,networkutils
0001,nicy
0001,nimarrow_glib
0001,nimassets
0001,nimbox
0001,nimclipboard
0001,nimdata
0001,nimes
0001,nimgame2
0001,nimgraphviz
0001,nimlevenshtein
0001,nimly
0001,nimpb_protoc
0001,nimsvg
0001,nimtraits
0001,nimwave
0001,nimwc
0001,nimwebp
0001,niprefs
0001,nodejs
0001,notify
0001,numericalnim
0001,nwnt
0001,oauth
0001,objc_runtime
0001,openexchangerates
0001,ormin
0001,os_files
0001,package_visible_types
0001,pager
0001,palette
0001,paravim
0001,pgxcrown
0001,phylogeni
0001,picohttpparser
0001,png
0001,pnm
0001,polybool
0001,polynumeric
0001,polypbren
0001,protobuf
0001,proton
0001,ptrace
0001,pylib
0001,rapid
0001,rbtree
0001,rcedit
0001,react
0001,rect_packer
0001,redisparser
0001,requirementstxt
0001,rollinghash
0001,rosencrantz
0001,science
0001,seccomp
0001,sequtils2
0001,serializetools
0001,shady
0001,sim
0001,simpleot
0001,sound
0001,sph
0001,stacks
0001,stashtable
0001,static_server
0001,stomp
0001,stones
0001,stringinterpolation
0001,strslice
0001,strunicode
0001,subexes
0001,subhook
0001,suru
0001,switch_build
0001,tempdir
0001,termui
0001,timeit
0001,timestamp
0001,tim
0001,tnetstring
0001,trick
0001,turn_based_game
0001,uibuilder
0001,vimeo
0001,vtable
0001,wavecore
0001,websocketx
0001,wiringpinim
0001,xiaomi
0001,xlsx
0001,xmltools
0001,zfcore
0001,zfdbms
0001,zopflipng
0002,aglet
0002,ansiparse
0002,bignum
0002,binaryheap
0002,bitstreams
0002,bncurve
0002,cascade
0002,classes
0002,colorize
0002,contractabi
0002,datetime2human
0002,denim_ui
0002,diff
0002,distributions
0002,dnsprotocol
0002,eth_keys
0002,eth_trie
0002,fidget
0002,finder
0002,firejail
0002,fragments
0002,ginger
0002,graphemes
0002,hashlib
0002,honeycomb
0002,hparse
0002,html_tools
0002,jsonschema
0002,kiwi
0002,libravatar
0002,nifty
0002,nimarchive
0002,nimgit2
0002,nimscripter
0002,nimsl
0002,nmqtt
0002,normalize
0002,norm
0002,nuuid
0002,nyml
0002,omni
0002,opussum
0002,otp
0002,paramidi_soundfonts
0002,parasound
0002,passgen
0002,persvector
0002,plists
0002,polymorph
0002,prologue
0002,rainbow
0002,reactor
0002,semver
0002,spills
0002,spryvm
0002,syndicate
0002,taps
0002,telebot
0002,templates
0002,tiny_sqlite
0002,unpack
0002,values
0002,watchout
0002,webgui
0002,xio
0002,xml
0002,zero_functional
0002,zfblast
0003,bump
0003,byteutils
0003,coap
0003,cookiejar
0003,cookies
0003,dbus
0003,dnsclient
0003,elvis
0003,gara
0003,html5_canvas
0003,hts
0003,illwave
0003,json_rpc
0003,logue
0003,macroplus
0003,multicast
0003,nesm
0003,nimaes
0003,nimbmp
0003,nimibook
0003,oldgtk3
0003,oldwinapi
0003,openal
0003,openapi
0003,optionsutils
0003,osinfo
0003,paratext
0003,plotly
0003,preserves
0003,ptr_math
0003,python3
0003,q
0003,quickjwt
0003,recaptcha
0003,rx_nim
0003,sam
0003,sdl1
0003,simplepng
0003,special_functions
0003,strfmt
0003,sysrandom
0003,therapist
0003,threading
0003,tkrzw
0003,toktok
0003,urand
0003,util
0003,weave
0003,webp
0003,wnim
0003,xam
0003,zstd
0004,bson
0004,combparser
0004,commandeer
0004,darwin
0004,datamancer
0004,eastasianwidth
0004,eth
0004,gmp
0004,imageman
0004,jesterwithplugins
0004,jsmn
0004,jwt
0004,libsodium
0004,lmdb
0004,memlib
0004,neo
0004,paramidi
0004,pararules
0004,stdext
0004,termstyle
0004,timezones
0004,variant
0004,zmq
0005,ansiutils
0005,ast_pattern_matching
0005,collections
0005,confutils
0005,contra
0005,itertools
0005,jnim
0005,minhook
0005,nat_traversal
0005,ndb
0005,neverwinter
0005,nigui
0005,nimib
0005,noise
0005,progress
0005,python
0005,questionable
0005,sigv4
0005,sqlite3_abi
0005,staticglfw
0005,struct
0005,synthesis
0005,typography
0005,uri3
0006,base32
0006,bcrypt
0006,bigints
0006,foreach
0006,glob
0006,httpx
0006,nimquery
0006,nre
0006,packedjson
0006,puppy
0006,result
0006,rlp
0006,scram
0006,scraper
0006,terminaltables
0006,ui
0006,upraises
0006,websock
0007,gtk2
0007,hpprint
0007,ioselectors
0007,paranim
0007,parsetoml
0007,random
0007,sdl2_nim
0007,webview
0007,zlib
0008,argument_parser
0008,metrics
0008,msgpack4nim
0008,mustache
0008,wepoll
0009,asynctest
0009,hdrawing
0009,libcurl
0009,rocksdb
0009,toml_serialization
0009,uuids
0009,websocket
0010,isaac
0010,karax
0010,nimpy
0010,timerwheel
0011,argparse
0011,flippy
0011,hasts
0011,illwill
0011,jsbind
0011,nimfp
0011,nimgl
0011,optional_t
0011,yaml
0012,cairo
0012,classy
0012,urlly
0013,dotenv
0013,markdown
0013,secp256k1
0014,ranges
0015,hnimast
0016,glm
0016,nimboost
0018,hmac
0018,sdl2
0018,treesitter
0019,nimble
0019,opengl
0019,supersnappy
0020,jester
0020,pixie
0021,patty
0021,print
0021,snappy
0022,arraymancer
0022,nimsimd
0023,clblast
0023,nake
0023,nimcl
0024,tempfile
0025,npeg
0025,sha1
0025,untar
0026,ws
0027,stint
0028,nimcuda
0030,chronicles
0030,nimlapack
0031,nimblas
0031,winim
0032,httpbeast
0032,nimsha2
0033,flatty
0035,nimpng
0036,x11
0039,json_serialization
0042,nimterop
0043,bumpy
0047,compiler
0048,opencl
0052,stb_image
0052,zippy
0053,serialization
0056,asynctools
0057,chroma
0057,hmisc
0058,benchy
0058,zip
0059,sorta
0065,fusion
0065,nimgen
0068,with
0073,shell
0074,c2nim
0074,jsony
0080,faststreams
0083,macroutils
0093,vmath
0101,docopt
0102,nimcrypto
0106,mddoc
0116,chronos
0118,testutils
0128,httputils
0133,bearssl
0196,cligen
0254,regex
0258,unicodeplus
0259,segmentation
0546,unittest2
0567,stew
0841,unicodedb
